names,addresses,awb,product_id,EDD
Tammy Sampson,"Near Munekolala bus Stand, behind Laxmi Narayan Temple, Bengaluru, Karnataka 560037",41460534932,SKU_141,11-02-2023
Katrina Stratter,"4th floor, Park Square Mall, Whitefield Main Rd, Pattandur Agrahara, Bengaluru, Karnataka 560066",58671386654,SKU_69,12-02-2023
Renee Zuniga,"Level 3, Marathahalli Village, Marathahalli, Bengaluru, Karnataka 560037",24977608651,SKU_38,13-02-2023
Dale Jackson,"XMGW+6MW, Doddanakundi Village Outer Ring Road,KR Puram,Hobli, Brindavan Extension, Doddanekundi, Bengaluru, Karnataka 560037",99084254555,SKU_96,11-02-2023
Florence Powell,"9, Sai Baba Temple Rd, Silver Springs Layout, Munnekollal, Bengaluru, Karnataka 560037",28429223295,SKU_47,12-02-2023
Doreen Rosales,"Vaswani Pinnacle Annexe, Whitefield Main Rd, Whitefield, Sathya Sai Layout, Bengaluru, Karnataka 560066",68070405533,SKU_56,13-02-2023
Nathan Stephens,"57/1, udaya Bulding, JK mall, post, Whitefield, Bengaluru, Karnataka 560066",21156149257,SKU_99,13-02-2023
William Gilbert,"NTR Royal Plaza, 89/1, N Thimmareddy Building, road, Marathahalli Village, Marathahalli, Bengaluru, Karnataka 560037",64239330837,SKU_61,11-02-2023
Keiko Jackson,"Borewell Rd, Phase 1, Palm Meadows, Bengaluru, Karnataka 560066",57393556365,SKU_48,11-02-2023
John Meyers,"20/5, Panathur Junction, Outer Ring Road, Kaverappa Layout, Marathahalli, East Bangalore, Bengaluru, Karnataka 560103",87189120582,SKU_96,12-02-2023
Renato Kennedy,"NTR Royal Plaza, 4th Floor,Home, Outer Ring Rd, Marathahalli, Bengaluru, Karnataka 560037",42325476681,SKU_122,11-02-2023
Jennifer Campbell,"Nagondanahalli Main Rd, Nagondanahalli, Bengaluru, Karnataka 560067",63811310290,SKU_135,11-02-2023
Eunice Matz,"Novotel Bengaluru Outer Ring Road, Opp. RMZ Eco-space Business Park, Marathahalli - Sarjapur Outer Ring Rd, Bengaluru, Karnataka 560103",65855704350,SKU_31,13-02-2023
Brandon Stevens,"and Columbia Asia Hospital, Sigma Soft Tech Park, Ground Floor open area near Alpha Tower No.7, Whitefield Main Road, Varthur Kodi, Whitefield Opp to LG Show Room, and, adjacent to ALPHA, Bengaluru, Karnataka 560066",95040388101,SKU_86,13-02-2023
Marilyn Jones,"203, Whitefield Main Rd, Whitefield, Sathya Sai Layout, Bengaluru, Karnataka 560066",62723500000,SKU_67,11-02-2023
Richard Bauman,"Plot No. S3 & S4, Silver Spring Layout, Spice Garden Compound, Marathalli Bridge, Spice Garden Layout, Lakshminarayana Pura, Munnekollal, Bengaluru, Karnataka 560037",57378708509,SKU_144,11-02-2023
Savannah Steele,"57/1, udaya Bulding, JK mall, post, Whitefield, Bengaluru, Karnataka 560066",59069863801,SKU_26,13-02-2023
Kathleen Allain,"64, SH 35, Whitefield, Phase 2, Narayanappa Garden, Bengaluru, Karnataka 560066",83081649494,SKU_96,13-02-2023
Juan Schofield,"Shop No.4, S.H.R. Complex, Siddhapura, Varthur Rd, Whitefield, Bengaluru, Karnataka 560066",62665068155,SKU_109,12-02-2023
Shawnda Mercado,"84/1, Near Vasvani Reserve, Opp. SBI Bank, Kadubeesanahalli, Panathur Main Road, Marathahalli, Bangalore, Bengaluru, Karnataka 560103",76015075032,SKU_9,12-02-2023
Roger Conwell,"Novotel Bengaluru Outer Ring Road, Opp. RMZ Eco-space Business Park, Marathahalli - Sarjapur Outer Ring Rd, Bengaluru, Karnataka 560103",27417889703,SKU_59,11-02-2023
Woodrow Smith,"ITPL Main Rd, Whitefield, KIADB Export Promotion Industrial Area, Krishnarajapura, Bengaluru, Karnataka 560066",17214257537,SKU_58,12-02-2023
Jean Bryant,"10/3, Devarabeesanahali, Outer Ring Road,, Opposite Embassy Tech Village(near Horizon College of Engineering),, Marathahalli Outer ring road, Bengaluru-560103, Bengaluru, Karnataka 560103",54161859066,SKU_125,13-02-2023
Isabel Wade,"XQH2+XWH, Dr Ambedkar Nagar Rd, Whitefield, Ambedkar Nagar, Bengaluru, Karnataka 560066",98562360039,SKU_14,11-02-2023
Bonita Anderson,"ASK Tower, ITPL Main Rd, Lakshminarayana Pura, BEML Layout, Brookefield, Bengaluru, Karnataka 560037",74877084061,SKU_131,12-02-2023
Rosa Roth,"# 17/1, 1st floor, Hosur Road, Richmond Town, (Opp to Fathima Bakery - Johnson market), Bengaluru, Karnataka 560025",72517464940,SKU_35,12-02-2023
Kirk Meja,"Prestige Shantiniketan, Hoodi, Whitefield, Bengaluru, Karnataka 560048",57364902760,SKU_49,12-02-2023
Annie Pfeifer,"1st cross, village, Whitefield, Siddapura, Bengaluru, Karnataka 560066",21482144519,SKU_61,11-02-2023
Ann Lawson,"Star Extra Mall, Tata Star Extra, Opposite Shankara Eye Hospital, Kundalahalli Gate, Varthur Rd, Marathahalli, Bengaluru, Karnataka 560037",71057404139,SKU_142,11-02-2023
Kevin Robles,"704, Opp laughing Water, Next to BBMP ofice and Tansi Honda Showroom, Whitefield, Ramagondanahalli, Bengaluru, Karnataka 560066",69736888549,SKU_47,12-02-2023
John Marino,"No:4, Basavanagar Main Rd, near State bank of India, Talacauvery Housing Society Layout, Basavanagara, Bengaluru, Karnataka 560037",85253215850,SKU_148,11-02-2023
Cynthia Bermudez,"573, Nagappa Reddy Layout Rd, Lakshminarayana Pura, AECS Layout, Marathahalli, Bengaluru, Karnataka 560037",28684838258,SKU_44,12-02-2023
Rita Patrylak,"23/4, Kariyammana Agrahara Rd, Kadubeesanahalli, Marathahalli, Bengaluru, Karnataka 560037",82484395314,SKU_81,11-02-2023
Lonny Peltier,"06, Ground Floor, Forum Neighborhood Mall, Varthur Rd, Whitefield, Prestige Ozone, Bengaluru, Karnataka 560066",85599207758,SKU_54,11-02-2023
Danny Holloman,"Lemon Tree Hotel, 23, EPIP Zone Whitefield Rd, Whitefield, Kundalahalli, Brookefield, Bengaluru, Karnataka 560066",82880222948,SKU_107,13-02-2023
Christoper Engfer,"4034, 100 Feet Road, HAL 2nd Stage, Indira Nagar, Opposite Domlur Flyover, Bengaluru, Karnataka 560038",37000925033,SKU_98,11-02-2023
Rodney Phillips,"XP5J+PQQ, Opposite Devagiri Pearls, Rd, Whitefield, Siddapura, Bengaluru, Karnataka 560066",17845901059,SKU_103,11-02-2023
Joseph Keel,"XPHH+GCG, Inorbit Mall, Whitefield, KIADB Export Promotion Industrial Area, Bengaluru, Karnataka 560066",31416355941,SKU_30,13-02-2023
Christopher Hoffman,"3rd cross, Chinnapanahalli Main Rd, Kundalahalli Colony, Brookefield, Bengaluru, Karnataka 560037",85435386822,SKU_67,12-02-2023
Valeria Osborne,"2, 8th Main Rd, KHB Block Koramangala, Koramangala 4-B Block, Koramangala 4th Block, Koramangala, Bengaluru, Karnataka 560034",85915988468,SKU_88,13-02-2023
Jackson Babb,"2nd Floor, Srirama Arcade, Whitefield Main Rd, Thubarahalli, Bengaluru, Karnataka 560066",21817570559,SKU_31,12-02-2023
Erin Bennett,"Between 7th and, Opposite Salarpuria supreme back gate Tulasi Theatre Road, 8th Main Rd, Marathahalli Village, Marathahalli, Bengaluru, Karnataka 560037",85240302205,SKU_58,13-02-2023
Wendy Cantu,"My break food court,concourse building,itpl,whitefield, Bengaluru, Karnataka 560066",87258997693,SKU_2,12-02-2023
Karen Castellanos,"No. 7, Property No. 07, , White Field,Cmc Ward No. 1 Cmc, 5/5, Whitefield Main Rd, Whitefield, Bengaluru, Karnataka 560066",14155204080,SKU_44,13-02-2023
Charlotte Parks,"7/1, ITPL Main Rd, BEML Layout, Brookefield, Bengaluru, Karnataka 560066",82238651661,SKU_6,11-02-2023
Ruth Shulda,"No. 18, Ramakka Building, Ground Floor, Mylsandra Main Road, Near, Global Village Rd, Back Gate, Bengaluru, Karnataka 560059",96667402226,SKU_99,12-02-2023
Maria Crouch,"Shop No 1, Ground floor, Suchitra Arcade, munnekolala, 1st Cross Rd, Marathahalli, Bengaluru, Karnataka 560037",68189056656,SKU_145,13-02-2023
Dan Stone,"Kanti Sweets No. 518, V V Arcade, 1st Main Road, AECS Layout, ITPL Main Rd, B Block, Kundalahalli, Brookefield, Bengaluru, Karnataka 560037",16530558744,SKU_27,11-02-2023
Carol Killough,"#37, SGR Dental College Rd, Maruthi Layout, Kasavanahalli Village, Marathahalli, Bengaluru, Karnataka 560037",41628138072,SKU_81,11-02-2023
Aaron Johnson,"opp. innovative multiplex, CKB Layout, Chandra Layout, Marathahalli, Bengaluru, Karnataka 560073",67201502727,SKU_145,11-02-2023
Karen Scott,"Govt High School, Hagadur Main Rd, opp. Immadihalli, Whitefield, Immadihalli, Bengaluru, Karnataka 560066",24206358538,SKU_60,11-02-2023
Roberto Weaver,"Shop No. 4, Chetan Building, SH 35, opposite St. Joseph Convent School, Whitefield, Sathya Sai Layout, Bengaluru, Karnataka 560066",28743315320,SKU_85,11-02-2023
Julia Gilliam,"The Zuri The Zuri Hotel Building, The Zuri Hotel, Lobby Level, ITPL Road, Whitefield, Bangalore, Whitefield, East Bangalore, Bengaluru, Karnataka 560066",32096807787,SKU_16,11-02-2023
Elizabeth Osofsky,"RMZ Ecoworld Rd, Adarsh Palm Retreat, Bellandur, Bengaluru, Karnataka 560103",75417077239,SKU_113,12-02-2023
Carolyn Kirk,"#3 Roma patria building, near Bank of, B Block, AECS Layout, Brookefield, Bengaluru, Karnataka 560037",56066451507,SKU_81,12-02-2023
Concetta King,"1576A, 4th Main Rd, E Block, AECS Layout, Marathahalli, Bengaluru, Karnataka 560037",57148785585,SKU_30,12-02-2023
Grant Harris,"Marathahalli Bridge Service Rd, Near Purva Riviera Apt, Spice Garden Layout, Lakshminarayana Pura, Munnekollal, Bengaluru, Karnataka 560037",49824885300,SKU_27,11-02-2023
William Clemmons,"Varthur Rd, Whitefield, Phase 1, Ramagondanahalli, Bengaluru, Karnataka 560066",98747852341,SKU_143,11-02-2023
William Creach,"No.510, Level 2, Phoenix Mall, Mahadevpura, Whitefield, Bengaluru, Karnataka 560048",56153028462,SKU_51,11-02-2023
Chris Medina,"23, MGM Mark, EPIP Zone Whitefield Rd, Kundalahalli, Brookefield, Bengaluru, Karnataka 560037",62372987092,SKU_1,12-02-2023
Carol Schumann,"Landmark: Opposite Carmel Kids, #21/14, Hagadur Main Rd, Whitefield, Prestige Ozone, Bengaluru, Karnataka 560066",45763595759,SKU_75,13-02-2023
Sandra Masztal,"XPMM+RC3, ITPL Backgate 3, Whitefield, KIADB Export Promotion Industrial Area, Krishnarajapura, Bengaluru, Karnataka 560066",41276779309,SKU_102,12-02-2023
Edith Hayes,"Food Court, SJR iPark, 14 And 15, Sy. Nos. 143 And 151,, Krishnarajpuram, Hobli, Plot No 13, Industrial Area, Whitefield, Bengaluru, Karnataka 560048",62849076151,SKU_12,11-02-2023
Hazel Londono,"4th floor, Saroj Group, Saroj Square, 1&2, Marathahalli Main Rd, Silver Springs Layout, Munnekollal, Bengaluru, Karnataka 560037",75211520409,SKU_76,12-02-2023
Edward Motyka,"Nexus Shantiniketan Mall, Whitefield Main Rd, Bengaluru, Karnataka 560067",14423562093,SKU_115,12-02-2023
Robert Jones,"Marathahalli Main Road, 352, 1st Cross Rd, Aswath Nagar, Bengaluru, Karnataka 560037",33503684464,SKU_78,12-02-2023
Felisha Naquin,"WMRW+352, Kadubeesanahalli Bridge, Kodbisanhalli, Kadabeesanahalli, Bengaluru, Karnataka 560103",60167788936,SKU_109,11-02-2023
Tabitha Paine,"WJ3Q+753, ITI Layout, Popular Colony, Mangammanapalya, Bengaluru, Karnataka 560068",59189784444,SKU_94,11-02-2023
Florene Son,"2, Graphite India Main Rd, Ashraya Layout, Seetharampalya, Mahadevapura, Bengaluru, Karnataka 560048",61210100840,SKU_33,11-02-2023
Fidel Christian,"67, 2nd Main Rd, near MVJ college, AKG colony, Channasandra, Bengaluru, Karnataka 560067",92748316440,SKU_146,12-02-2023
Andrea Peters,"25/7, Outer Ring Road, Doddannakundi, Marathahalli, Brindavan Extension, Mahadevapura, Bengaluru, Karnataka 560037",30403687775,SKU_83,13-02-2023
Victor Mitchell,"Whitefield Mainroad, 350, Service Rd, opp. Safal Daily Fresh Flyover, Aswath Nagar, Marathahalli, Bengaluru, Karnataka 560037",75775674109,SKU_74,12-02-2023
Judith Baumgartner,"Shop No. 6, 3rd Floor, Vasswani Matrix, ITPL Main Road, Aecs Layout,, Brookefield, Bengaluru, Karnataka 560037",41811549307,SKU_134,11-02-2023
Kathryn Robert,"International Tech Park Park Square Mall, No G9 & 10, Gr, Whitefield Main Rd, Bengaluru, Karnataka 560066",62869604580,SKU_58,12-02-2023
Russell Rester,"609, 1st floor, 1st Main Rd, Above Andhra Bank, AECS Layout - C Block, AECS Layout, Brookefield, Bengaluru, Karnataka 560037",16215280947,SKU_22,13-02-2023
Donna Allen,"23, Pattandur Agrahara Rd, Nallurhalli, Pattandur Agrahara Main Rd, Whitefield, Nallurhalli, Bengaluru, Karnataka 560066",45338881904,SKU_14,12-02-2023
Marie Luskey,"Saint Mary's Church Road, 32, MF Norrona St, opp. CUBBON PARK TRAFFIC POLICE STATION, Shivaji Nagar, Bengaluru, Karnataka 560051",28463831675,SKU_94,11-02-2023
Louise Lopez,"45/1, Leo Complex, Residency Cross Road, Shanthala Nagar, Ashok Nagar, Bengaluru, Karnataka 560025",72668952907,SKU_108,12-02-2023
Michael Gray,"3 Block, 12 20/5, Marathahalli - Sarjapur Outer Ring Rd, Kaverappa Layout, Kadubeesanahalli, Marathahalli, Bengaluru, Karnataka 560087",38649747060,SKU_7,11-02-2023
Gary Dykes,"#136/137, EPIP Industrial Area, Opposite SAP Labs, Whitefield, EPIP Zone, Brooke, Bengaluru, Karnataka 560066",29321956631,SKU_36,12-02-2023
George Brown,"45/1, Leo Complex, Residency Cross Road, Shanthala Nagar, Ashok Nagar, Bengaluru, Karnataka 560025",45049172815,SKU_114,11-02-2023
Lisa Sims,"#122/3, Sai Kamala Complex, ITPL Main Rd, Brookefield, Bengaluru, Karnataka 560037",97459989746,SKU_16,12-02-2023
Jack Goularte,"Belathur, Krishnarajapura, Bengaluru, Karnataka 560067",47457149567,SKU_138,13-02-2023
Nathan Poeppelman,"111/1, SGR Dental College Rd, Maruthi Layout, Kasavanahalli Village, Marathahalli, Bengaluru, Karnataka 560037",48007111842,SKU_62,11-02-2023
Sally Manning,"135, Marathahalli - Sarjapur Outer Ring Rd, Marathahalli Village, Marathahalli, Bengaluru, Karnataka 560037",37421424658,SKU_20,11-02-2023
Henry Holt,"SY No 82/4, Opposite Just Bake,Chembenahalli, Anekal Taluk, Sarjapura - Attibele Rd, Marathahalli, Bengaluru, Karnataka 562125",51195680019,SKU_80,13-02-2023
Parker Kasper,"Orion mall, 3rd floor food court, Dr Rajkumar Rd, Malleshwaram, Bengaluru, Karnataka 560055",33078869658,SKU_85,11-02-2023
Pamela Suter,"5, Anjandri Krest Complex, Munnekolala, Gandhi Nagar Rd, Lakshmi Layout, Gandhi Nagar, Munnekollal, Bengaluru, Karnataka 560037",61157341195,SKU_123,12-02-2023
Ralph Shibuya,"432, CMR Main Rd, HRBR Layout 2nd Block, HRBR Layout, Kalyan Nagar, Bengaluru, Karnataka 560043",55768439562,SKU_43,13-02-2023
Dorothy Chamberlin,"3rd Floor, 90/4, Marathahalli - Sarjapur Outer Ring Rd, near Park Plaza Hotel, Marathahalli Village, Munnekollal, Bengaluru, Karnataka 560037",82394707258,SKU_143,13-02-2023
Rodney Herring,"39, 1st Main St, R.J.Gardens, Anand Nagar, Aswath Nagar, Rajajinagar, Bengaluru, Karnataka 560037",26068946325,SKU_6,13-02-2023
Richard Stokes,"Novotel Bengaluru Tech Park, Marathahalli-Sarjapur Outer Ring Road, Kariyammana Agrahara, Bellandur, opp. Intel Campus, Bengaluru, Karnataka 560103",19304768485,SKU_4,11-02-2023
Robert Picken,"710, Varthur Rd, Whitefield, Thubarahalli, Brookefield, Bengaluru, Karnataka 560066",42150909014,SKU_74,13-02-2023
Helen Walton,"XP5J+PQQ, Opposite Devagiri Pearls, Rd, Whitefield, Siddapura, Bengaluru, Karnataka 560066",42167334675,SKU_118,11-02-2023
David Toney,"2, 8th Main Rd, KHB Block Koramangala, Koramangala 4-B Block, Koramangala 4th Block, Koramangala, Bengaluru, Karnataka 560034",48473993733,SKU_57,12-02-2023
Robert Workman,"XP68+2CP, Lakshminarayana Pura, AECS Layout, Marathahalli, Bengaluru, Karnataka 560037",71554050413,SKU_94,11-02-2023
Ebony Polk,"Silver Springs Layout, Munnekollal, Bengaluru, Karnataka 560037",21587981746,SKU_71,11-02-2023
Mariko Henry,"Service Road; Maratahalli-Sarjapura, Outer Ring Rd, Kadubeesanahalli, Bengaluru, Karnataka 560103",52727476818,SKU_58,12-02-2023
Jordan Crawford,"560066, Brooke Bond First Cross, Narayanappa Garden, Bengaluru, Karnataka 560066",86068176643,SKU_139,11-02-2023
Timothy Caballero,"2nd Floor A Square Plaza, ITPL Main Rd, Brookefield, Bengaluru, Karnataka 560037",26521706849,SKU_68,12-02-2023
John Ingle,"90/4, Outer Ring Rd, Marathahalli Village, Marathahalli, Bengaluru, Karnataka 560037",57573996899,SKU_46,12-02-2023
Jaymie Kim,"1, Varthur Rd, Chowdeshwari Layout, Marathahalli Village, Marathahalli, Bengaluru, Karnataka 560037",90508383293,SKU_110,11-02-2023
Jeanene Marzinske,"No. 473, 10th Main Rd, Hal, HAL 3rd Stage, Puttappa layout, New Tippasandra, Bengaluru, Karnataka 560075",88557686121,SKU_113,12-02-2023
Sharon Bowmer,"#82/3, Kaverappa Layout, Kadubeesanahalli, Panathur, Bengaluru, Karnataka 560103",84230779213,SKU_116,11-02-2023
Jacob Dipietro,"Shop No.4, S.H.R. Complex, Siddhapura, Varthur Rd, Whitefield, Bengaluru, Karnataka 560066",42102196932,SKU_80,11-02-2023
Geraldine Hayes,"84/1, Near Vasvani Reserve, Opp. SBI Bank, Kadubeesanahalli, Panathur Main Road, Marathahalli, Bangalore, Bengaluru, Karnataka 560103",79465062034,SKU_35,12-02-2023
Amanda Ford,"Nallurahalli Main Rd, Whitefield, Nallurhalli, Bengaluru, Karnataka 560066",55743318044,SKU_1,11-02-2023
June Shuman,"785, 2nd B Main Rd, Koramangala 8th Block, Koramangala, Bengaluru, Karnataka 560095",65988930743,SKU_21,12-02-2023
Margaret Porter,"Ground Floor, Inorbit Mall Whitefield, 75, Rd Number 7, Whitefield, EPIP Zone, Bengaluru, Karnataka 560066",98062350304,SKU_112,11-02-2023
Ramona Lash,"No 122/B, Outer Circle, behind Brothers Bakery, Whitefield, Dodsworth Layout, Bengaluru, Karnataka 560066",97680830703,SKU_121,11-02-2023
Wanda Olson,"Unit No. 1EB, Ground Floor, Building No.3, East Wing, 77 Town Centre Off:, HAL Old Airport Rd, Yemalur, P.O, Bengaluru, Karnataka 560037",96861504608,SKU_50,11-02-2023
William Shaw,"Shop No-6,D Ramiah Building, Whitefield Main Road opp-Nalapad Brigade Center, Garudachar Palya, Mahadevapura, Bengaluru, Karnataka 560048",67198940817,SKU_60,11-02-2023
Shane Davis,"XP47+566, Gulmohar Enclave Rd, Silver Springs Layout, Munnekollal, Bengaluru, Karnataka 560037",69105683468,SKU_24,11-02-2023
Orville Cabral,"Dodda Nekkundi Extension, Doddanekkundi, Bengaluru, Karnataka 560037",92692857991,SKU_76,11-02-2023
Angelina Chew,"#1, 1st floor, Kundalahalli, ITPL Main Road Post, AECS Layout, Marathahalli, Bengaluru, Karnataka 560037",99143511135,SKU_92,13-02-2023
Bethany Shilling,"3, ITPL Main Rd, AECS Layout, Marathahalli, Bengaluru, Karnataka 560037",46861921161,SKU_77,12-02-2023
Evelyn Moss,"Santhosh Towers, Ground Floor, Plot number 120-A3, EPIP Industrial Area, Phase 1, White Field, Bengaluru, Karnataka 560066",36625620486,SKU_140,11-02-2023
George Lheureux,"203, Whitefield Main Rd, Whitefield, Sathya Sai Layout, Bengaluru, Karnataka 560066",55073440000,SKU_112,12-02-2023
Asa Gormley,"Sarve no163/3/75 , siddhapura village Nellurahalli main road Oppo. To play 9, Whitefield, Siddapura, Bengaluru, Karnataka 560066",82141234829,SKU_6,11-02-2023
Crystal Simone,"No 78/2, KitchenPlus, Converge by UKN 1st and 2nd floor, Nallurahalli Main Rd, Whitefield, Bengaluru, Karnataka 560066",78883929978,SKU_64,11-02-2023
Mildred Grantham,"222, Sadaramangala, 220/A, ITPL Main Rd, opp. Shantiniketan Form Mall, Whitefield, KIADB Export Promotion Industrial Area, Bengaluru, Karnataka 560048",11936574491,SKU_67,11-02-2023
Deborah Thomas,"Unit No â€“ 4a, 4b, Upper Ground Floor, VR Bengaluru Mall, Hobli Bengaluru East Taluk, Whitefield, Bengaluru, Karnataka 560066",60150675092,SKU_49,13-02-2023
Danny Terry,"3rd Floor, Park Square Mall, ITPL Main Rd, Whitefield, Bengaluru, Karnataka 560066",41862013942,SKU_83,11-02-2023
William Barger,"XP22+55F, SGR Dental College Rd, Near Madurai Idly, CKB Layout, Chandra Layout, Marathahalli, Bengaluru, Karnataka 560037",34773826476,SKU_41,12-02-2023
Elisa Amsterdam,"Venkatadri Plaza, 3rd Floor, 88, Outer Ring Rd, above Elite Ford, Kasavanahalli Village, Marathahalli, Bengaluru, Karnataka 560037",29466769822,SKU_39,12-02-2023
David Guevarra,"1st Floor, Ascendas Park Square Mall Whitefield Main Road, ITPL Main Rd, Bengaluru, Karnataka 560066",95428569930,SKU_19,13-02-2023
Walter Long,"Tulsi Theater Rd, Marathahalli Village, Marathahalli, Bengaluru, Karnataka 560037",54422343522,SKU_57,11-02-2023
Fletcher Wilson,"FORUM SHANTINIKETAN MALL, 2/ 3/ 4/ 5 Floor, ITPL Main Rd, Whitefield, Bengaluru, Karnataka 560067",66495602086,SKU_1,13-02-2023
Ramona Acevedo,"11/1, Robertson Rd, Pulikeshi Nagar, Bengaluru, Karnataka 560005",69998409924,SKU_24,11-02-2023
Joseph Kettler,"4th floor, Park Square Mall, Whitefield Main Rd, Pattandur Agrahara, Bengaluru, Karnataka 560066",26254929668,SKU_109,12-02-2023
Stephanie Peden,"Plot no. 75, Inorbit Mall, Level 1, EPIP area, Whitefield, Bengaluru, Karnataka 560066",56638174109,SKU_109,13-02-2023
Edward Huskey,"No.15, Marathahalli, Bengaluru, Karnataka 560066",92510189120,SKU_39,11-02-2023
Doreen Reynolds,"NTR Royal Plaza, 89/1, N Thimmareddy Building, road, Marathahalli Village, Marathahalli, Bengaluru, Karnataka 560037",86714978209,SKU_2,11-02-2023
Allan Robbins,"Sri Ananya Plaza, Jayanti Nagar, Horamavu, Bengaluru, Karnataka 560043",99871951153,SKU_78,11-02-2023
Bobby Sassaman,"47, Doddanekundi Main Rd, Pragathi Layout, Doddanekundi, Doddanekkundi, Bengaluru, Karnataka 560037",39055781480,SKU_118,13-02-2023
Edgar Cruz,"4th floor, S-6, Spice Garden Layout Airport, Varthur Rd, Munnekollal, Bengaluru, Karnataka 560037",28135431206,SKU_6,11-02-2023
Armand Powe,"Whitefield Main Rd, next to Anand sweet, Whitefield, Bengaluru, Karnataka 560066",23744882577,SKU_27,13-02-2023
Martin Rocco,"WPP3+P3X, Panathur Main Road, Kadubeesanahalli, Panathur, Bengaluru, Karnataka",47140560532,SKU_50,11-02-2023
Van Brooks,"XMHW+CMJ, Ferns City, Doddanekkundi, Bengaluru, Karnataka 560048",78726945697,SKU_111,11-02-2023
Vincent Potts,"No.15, Vivekananda Layout, Opposite Innovative Multiplex, near Biryani Zone, Marathahalli, , Hyderabadi Dum Biryani Restaurant, Marathahalli, Bengaluru, Karnataka 560037",95884702155,SKU_110,11-02-2023
Julie Scott,"#90-91, Soul Space Paradigm, Bata Showroom,, Outer Ring Road, Marathahalli, next to Innovative Multiplex, Bengaluru, Karnataka 560037",66244223860,SKU_11,13-02-2023
Alfred Hebert,"No 7,#35/1B, CRM Sowbhagya Annex, Varthur Rd, Lakshminarayana Pura, Marathahalli, Bengaluru, Karnataka 560037",24738714219,SKU_9,12-02-2023
Kimberly Lee,"90/4, Outer Ring Rd, Munnekollalu Village, Marathahalli Village, Marathahalli, Bengaluru, Karnataka 560037",13528691604,SKU_127,12-02-2023
Adam Scanlon,"5, SGR Dental College Rd, Sri Balaji Layout, Kasavanahalli Village, Marathahalli, Bengaluru, Karnataka 560037",56319790143,SKU_58,11-02-2023
Leroy Murphy,"Novotel Bengaluru Outer Ring Road, Opposite RMZ Ecospace Business Park Marthahalli, Marathahalli - Sarjapur Outer Ring Rd, Kariyammana Agrahara, Bengaluru, Karnataka 560103",97594458127,SKU_36,13-02-2023
Benjamin Mackillop,"WMRW+352, Kadubeesanahalli Bridge, Kodbisanhalli, Kadabeesanahalli, Bengaluru, Karnataka 560103",59601730639,SKU_2,13-02-2023
Kenneth Mueller,"XQX4+2X7, Vijaya Lakshmi Colony, Belatur Colony, Kadugodi, Bengaluru, Karnataka 560067",19149621680,SKU_66,11-02-2023
Jonathan Hunt,"3 & 4, KIADB, Sadaramangala Opposite ITPL, Whitefield Road, Sadaramangala Rd, KIADB Export Promotion Industrial Area, Kadugodi, Bengaluru, Karnataka 560066",66752534538,SKU_100,11-02-2023
Rose Ray,"XPM9+XCV, Seetharampalya - Hoodi Rd, Shivaji Nagar, Seetharampalya, Bengaluru, Karnataka 560048",17562632650,SKU_40,11-02-2023
Buford Cook,"1st Cross Rd, BEML Layout 6th Stage, BEML Layout, Brookefield, Bengaluru, Karnataka 560066",45620197614,SKU_105,11-02-2023
Nancy Easley,"WJ44+RCW, 7th Main Rd, Abbaappa Layout, BTM 2nd Stage, BTM Layout, Bengaluru, Karnataka 560076",63488221776,SKU_105,11-02-2023
Shannon Anderson,"952, Gali Rd, Whitefield Main Rd, beside Fresh Mart Super Market, Maruthi Nagar, Thigalarapalya, Hoodi, Bengaluru, Karnataka 560048",66559851021,SKU_12,11-02-2023
Stephen Holly,"216, 2nd Cross Rd, Kundalahalli Colony, Brookefield, Bengaluru, Karnataka 560037",48239224232,SKU_41,11-02-2023
Shirley Esquerra,"107/P4, Ground Floor, Pattanduru Aghara (V), Whitefield, Bengaluru, BBMP East, Karnataka 560068",71909409955,SKU_16,13-02-2023
Tony Muresan,"No 1, 1st Floor, Outer Ring Road, Munenkollal, Service Rd, next to YES Bank on, Marathahalli, Bengaluru, Karnataka 560037",90673477069,SKU_96,11-02-2023
Ronald Angelico,"XMWW+H59, Food Court, VR Mall, Bengaluru, 560048",44667438463,SKU_54,12-02-2023
Catherine Pacheco,"12, Kundalahalli Main Rd, Vaikuntam Layout, Lakshminarayana Pura, AECS Layout, Marathahalli, Bengaluru, Karnataka 560037",11795093843,SKU_58,11-02-2023
Jennifer Baumler,"ITPL Main Rd, Brigade Metropolis, Garudachar Palya, Mahadevapura, Bengaluru, Karnataka 560048",73820496439,SKU_113,12-02-2023
Katie Hebert,"XPV2+GP4, Garudachar Palya, Mahadevapura, Bengaluru, Karnataka 560048",85186278781,SKU_46,11-02-2023
Diane Fusco,"Prasanthi Complex, Channasandra Main Rd, Chansandra, J, Whitefield, Bengaluru, Karnataka 560067",24447361265,SKU_95,11-02-2023
Linda Davenport,"No 61/2, HNR Garden, Marathahalli, Sai Baba Temple Rd, Shirdi Sai Nagar, Munnekollal, Bengaluru, Karnataka 560037",16573776885,SKU_98,11-02-2023
Ronnie Perez,"35/1-C, Varthur Rd, Lakshminarayana Pura, AECS Layout, Marathahalli, Bengaluru, Karnataka 560037",11534313886,SKU_149,13-02-2023
Jose Easley,"No. 310,Brinthavan, near CMRIT College, B Block, AECS Layout, Brookefield, Bengaluru, Karnataka 560037",43119589805,SKU_36,11-02-2023
Jody Gardner,"3, Jr College Rd, opp. GR elesium, Belathur, Kadugodi, Bengaluru, Karnataka 560067",66611196121,SKU_89,11-02-2023
Stanley Spillman,"5th Floor, Swamy Lagoto Building, 7, Outer Ring Rd, above Kia Motors, Kadubeesanahalli, Marathahalli, Bengaluru, Karnataka 560103",66678930804,SKU_126,11-02-2023
Michael Carlson,"shop no 4, 346, 4th Main Rd, B Block, AECS Layout, Brookefield, Bengaluru, Karnataka 560037",96370444261,SKU_101,12-02-2023
Georgia Nguyen,"No.44, 1st Main St, R.J.Gardens, Anand Nagar, Aswath Nagar, Chinnapanna Halli, Bengaluru, Karnataka 560004",20296871768,SKU_137,11-02-2023
Julio Garcia,"83/2, 5th main, Shantiniketan layout, Munnekollala, Marathahalli, Bengaluru, Karnataka 560037",39640999481,SKU_41,12-02-2023
Lorraine Wilson,"No 56, outer ring road, Lakshman Reddy building, Devarabisanahalli, Bengaluru, Karnataka 560103",50509143317,SKU_128,11-02-2023
Bryce Cadet,"2, 8th Main Rd, KHB Block Koramangala, Koramangala 4-B Block, Koramangala 4th Block, Koramangala, Bengaluru, Karnataka 560034",57196210538,SKU_1,13-02-2023
William Lawrence,"No 36, Arena Mall, Municipal No 2028 Sy, 5, Outer Ring Rd, Doddanekundi, Bengaluru, Karnataka 560037",15792804830,SKU_59,11-02-2023
Erica Timmerman,"1160, 5th Main Rd, Sector 7, HSR Layout, Bengaluru, Karnataka 560102",94969197225,SKU_90,13-02-2023
Rico Swink,"17/J, 18th Cross Rd, Sector 3, HSR Layout, Bengaluru, Karnataka 560102",79981700616,SKU_23,13-02-2023
Phillip Rodriguez,"Green Grand Layout Kundhanahalli, Gate, Bengaluru, Karnataka 560037",74799169557,SKU_91,13-02-2023
Laverne King,"Shop#12, Siddapura, SM Munivenkatappa Nursery, Varthur Rd, Siddapura, Bengaluru, Karnataka 560066",49589109688,SKU_43,12-02-2023
Andrea Martin,"714, Basement 60 Feet Road, 1st Main Rd, C block, AECS Layout, Marathahalli, Bengaluru, Karnataka 560037",18704452906,SKU_124,11-02-2023
Lucy Meighan,"WMXX+7GJ, Marathahalli Village, Marathahalli, Bengaluru, Karnataka 560037",72942067986,SKU_36,12-02-2023
David Deleon,"ITPL Main Rd, Opposite to Vydehi hospital entrance, near Vydehi Circle, Whitefield, Vijayanagar, EPIP Zone, Bengaluru, Karnataka 560066",24070444357,SKU_43,11-02-2023
Will Ridenour,"#389/2,7th Cross, Tulsi Theater Rd, Marathahalli, Bengaluru, Karnataka 560037",81981557652,SKU_79,13-02-2023
Joyce Garza,"135, Varthur Rd, Lakshminarayana Pura, Chandra Layout, Marathahalli, Bengaluru, Karnataka 560037",27274060456,SKU_127,11-02-2023
Erica Sannicolas,"NTR Royal Plaza, 89/1, N Thimmareddy Building, road, Marathahalli Village, Marathahalli, Bengaluru, Karnataka 560037",55635691068,SKU_63,12-02-2023
Rebecca Kunkel,"1st Floor, Katha Nos. 208/157, 209/158, 210/159 and 211/160, Situated at Thubarahalli Village, Varthur Hobli, Bangalore East Taluk, Bengaluru, Karnataka 560066",56527027184,SKU_59,12-02-2023
Kristin Naves,"2148, 2nd B Cross Rd, HAL 2nd Stage, Indiranagar, Bengaluru, Karnataka 560008",25460483498,SKU_45,13-02-2023
Charles Garcia,"560008, Channakesahava Nagar, HAL 2nd Stage, Doopanahalli, Indiranagar, Bengaluru, Karnataka 560008",90781147734,SKU_75,12-02-2023
Lenard Pring,"34, Rest House Rd, Shanthala Nagar, Sampangi Rama Nagara, Bengaluru, Karnataka 560001",64374305829,SKU_148,12-02-2023
James Santos,"7, Chinmaya Mission Hospital Rd, opp. Pillar No 77, Stage 2, Hoysala Nagar, Indiranagar, Bengaluru, Karnataka 560038",17697695934,SKU_128,11-02-2023
Ronald Daniels,"5th Floor, 541-543, 100 Feet Rd, Amarjyoti Layout, Bengaluru, Karnataka 560071",35680179812,SKU_14,12-02-2023
Jessie Black,"120, Brigade Road, 4th Floor, Lancer Building, Ashok Nagar, Bengaluru, Karnataka 560025",64258027358,SKU_43,11-02-2023
Edward Miers,"Public Utility Building, 36 1, Mahatma Gandhi Rd, Halasuru, Karnataka 560001",82408916671,SKU_64,11-02-2023
Charles Holscher,"Church St, Haridevpur, Shanthala Nagar, Ashok Nagar, Bengaluru, Karnataka 560001",74435814913,SKU_109,11-02-2023
Richard Rush,"#3167, ESI Hospital Road, HAL 2nd Stage, Indiranagar, HAL 2nd Stage, Indiranagar, Bengaluru, Karnataka 560008",32458658443,SKU_105,12-02-2023
Jospeh Jackson,"332, Binnamangala, Hoysala Nagar, Indiranagar, Bengaluru, Karnataka 560038",29573420616,SKU_29,11-02-2023
Rachel Lakey,"No. 842/A, Ground and Mezzanine Floor, 100 Feet Rd, Indira Nagar 1st Stage, Bengaluru, Karnataka 560038",88016951898,SKU_77,11-02-2023
Michelle Allen,"47, Banashankari Stage II, Yellappa Garden, Yellappa Chetty Layout, Sivanchetti Gardens, Bengaluru, Karnataka 560001",43909611181,SKU_128,11-02-2023
Robert Diaz,"Tower-B, 13th floor, No. 84, Mahatma Gandhi Rd, Bengaluru, Karnataka 560001",98718104186,SKU_99,12-02-2023
Melba Fish,"14, Church St, Shanthala Nagar, Ashok Nagar, Bengaluru, Karnataka 560001",42367708327,SKU_81,12-02-2023
Ruth Shaffer,"#56, Above Star bucks, Church St, Bengaluru, Karnataka 560001",42400924705,SKU_117,11-02-2023
Kelly Shaw,"XJ6P+37F, 1st A Main Rd, Domlur I Stage, 1st Stage, Domlur, Bengaluru, Karnataka 560071",89770901410,SKU_13,12-02-2023
Suzi Lucas,"636, 100 Feet Rd, 6th Block, Koramangala, Bengaluru, Karnataka 560095",82874040512,SKU_30,11-02-2023
Teresa Labonte,"Mahatma Gandhi Rd, Craig Park Layout, Ashok Nagar, Bengaluru, Karnataka 560001",12064301093,SKU_128,13-02-2023
Melvin Huckabaa,"19, Mahatma Gandhi Rd, Haridevpur, Shanthala Nagar, Shivaji Nagar, Bengaluru, Karnataka 560001",33836869686,SKU_118,11-02-2023
Rhonda Carp,"#54, 2nd Floor, MSK Plaza, 3rd Main, 100 Feet Rd, Above Cafe Coffee Day, Indiranagar, Bengaluru, Karnataka 560038",37486367181,SKU_149,12-02-2023
Sandra Frith,"1MG, 2nd Floor, Lido Mall Trinity Circle, Mahatma Gandhi Rd, opposite Taj Vivanta, Bengaluru, Karnataka 560008",14991248226,SKU_115,11-02-2023
Dewayne Hogue,"Mahatma Gandhi Rd, opposite Metro Station, Bengaluru, Karnataka 560001",73470696839,SKU_25,12-02-2023
Wilbur Steel,"50, Lavelle Road, Shanthala Nagar, Ashok Nagar, Bengaluru, Karnataka 560001",97229486915,SKU_32,11-02-2023
Laura Concepcion,"No-307, k.p square, 100 Feet Rd, Indiranagar, Bengaluru, Karnataka 560038",73091417374,SKU_55,12-02-2023
Ettie Macri,"204, 5th Main, 7th Cross, Indiranagar I Stage, Bengaluru, Karnataka 560038",82226241441,SKU_26,12-02-2023
Kimberly Smith,"The Park, MG Road, 14/7, Bhaskaran Rd, Sivanchetti Gardens, Bengaluru, Karnataka 560042",82300206930,SKU_75,12-02-2023
Robert Beckham,"86, Shop No 3, 17th B Main, No, Off, 100 Feet Rd, HAL 2nd Stage, Indiranagar, Bengaluru, Karnataka 560008",93634870497,SKU_89,11-02-2023
Lucille Streeter,"XJ5V+C4X, Natasha Golf View Apartments, Domlur Layout, Opposite Diamond District, Domlur, Bengaluru, Karnataka 560071",91665387147,SKU_126,12-02-2023
Sherman Lawson,"1134, 100 Feet Rd, 2nd stage Indiranagar, HAL 2nd Stage, Domlur Village, Indiranagar, Bengaluru, Karnataka 560038",50222264847,SKU_93,11-02-2023
David Dray,"XJ6Q+8C4, 7th Cross Rd, Domlur I Stage, 1st Stage, Domlur, Bengaluru, Karnataka 560071",68287525665,SKU_50,13-02-2023
Daniel Green,"Brigade Road,Opposite Brigade Towers, Plot No. 124, Near Vellara Junction, Bengaluru, Karnataka 560050",51370466757,SKU_135,11-02-2023
Tennille Spikes,"1/A, Church St, off MG/Bridge Road, Shanthala Nagar, Ashok Nagar, Bengaluru, Karnataka 560001",89245386359,SKU_101,11-02-2023
Julie Thomas,"410, 7th Cross Rd, Domlur I Stage, Stage 2, Domlur, Bengaluru, Karnataka 560071",19769725872,SKU_56,12-02-2023
Franklin Villa,"No.1, 17e, Chinmaya Mission Hospital Rd, 2nd stage Indiranagar, BDA Colony, Domlur Village, Indiranagar, Bengaluru, Karnataka 560008",43043276190,SKU_27,11-02-2023
Mary Tunney,"Brigade Road Shop No. 2, 1st Floor, Church St, Ashok Nagar, Bengaluru, Karnataka 560001",71333334978,SKU_4,11-02-2023
Audrey Maynard,"No. 46, 80 Feet Rd, Hal, HAL 3rd Stage, Indiranagar, Bengaluru, Karnataka 560038",59915936354,SKU_26,11-02-2023
Robert Buntrock,"618, 2nd Main Rd, next to Zframez Technologies Pvt, Binnamangala, Hoysala Nagar, Indiranagar, Bengaluru, Karnataka 560038",41980601618,SKU_136,11-02-2023
John Goode,"Old Madras Rd, Halasuru, Yellappa Chetty Layout, Jogupalya, Bengaluru, Karnataka 560001",88629469200,SKU_142,11-02-2023
Donald Canfield,"2011, 100 Feet Rd, HAL 2nd Stage, Indiranagar, Bengaluru, Karnataka 560038",81745729128,SKU_84,11-02-2023
Randy Relyea,"Ground Floor & 1st Floor, Brigade Rd, opposite Space Centre, Shanthala Nagar, Ashok Nagar, Bengaluru, Karnataka 560029",91971513725,SKU_15,11-02-2023
Charles Clay,"No 267, Ground Floor, J K, Golf Course Rd, Amarjyoti Layout, Domlur, Bengaluru, Karnataka 560071",38306592774,SKU_146,11-02-2023
James Hannigan,"560103 Agrahara Main Road Chandana, Kariyammana Agrahara, Bengaluru, Karnataka 560103",84843449706,SKU_142,11-02-2023
Leah Boesiger,"#298, 7th Cross Rd, Domlur I Stage, 1st Stage, Domlur, Bengaluru, Karnataka 560071",27244493687,SKU_55,11-02-2023
Vincent Pursifull,"3, Brigade Rd, Shanthala Nagar, Ashok Nagar, Bengaluru, Karnataka 560001",78325650516,SKU_89,11-02-2023
Daniel Broyles,"77, Mahatma Gandhi Rd, Haridevpur, Shanthala Nagar, Sampangiram Nagar, Bengaluru, Karnataka 560001",67171820407,SKU_54,11-02-2023
Pam Smith,"1/A, Church St, off MG/Bridge Road, Shanthala Nagar, Ashok Nagar, Bengaluru, Karnataka 560001",80290324862,SKU_39,11-02-2023
Ann Sharp,"Public Utility Building, 2nd, Mahatma Gandhi Rd, Shanthala Nagar, Ashok Nagar, Bengaluru, Karnataka 560001",11125126109,SKU_145,11-02-2023
Samantha Sparks,"46,9th Main Road, 80 Feet Rd, opposite BSNL telephone Exchange, HAL 3rd Stage, Indiranagar, Bengaluru, Karnataka 560038",99383127130,SKU_52,12-02-2023
Curtis Pal,"177/178, 100 Feet Rd, Amarjyoti Layout, Domlur, Bengaluru, Karnataka 560071",49733009250,SKU_22,11-02-2023
Alexander Beausoleil,"Shop No. 24, No. 121, Civil Station, Brigade Rd, Ashok Nagar, Bengaluru, Karnataka 560025",40758829703,SKU_42,13-02-2023
Derek Dominick,"Unit No - 11, Ground Floor, Opp St Josephs Commerce College, Brigade Rd, next to Kanthi Sweets, Karnataka 560025",69372732581,SKU_94,11-02-2023
Frances Corbin,"238, 13th Cross Rd, Indira Nagar II Stage, Hoysala Nagar, Indiranagar, Bengaluru, Karnataka 560038",53254816682,SKU_108,12-02-2023
Keith Wronski,"16/3, Church St, Shanthala Nagar, Ashok Nagar, Bengaluru, Karnataka 560001",56067058373,SKU_95,11-02-2023
Sandra Miranda,"No 148 & 149, St Thomas Building, Brigade Rd, Shanthala Nagar, Ashok Nagar, Karnataka 560025",76578789444,SKU_141,11-02-2023
Timothy Ferguson,"2017, 100 Feet Rd, HAL 2nd Stage, Indiranagar, Bengaluru, Karnataka 560038",71022851843,SKU_74,11-02-2023
Forrest Smith,"1300, 13th Cross Rd, Eshwara Layout, Indiranagar, Bengaluru, Karnataka 560038",73854643819,SKU_62,13-02-2023
John Boykin,"442, 2nd Cross Rd, HAL 2nd Stage, Indiranagar, Bengaluru, Karnataka 560038",77922074513,SKU_17,13-02-2023
Jacqueline Castillo,"Teacher's Colony, Jakkasandra, 1st Block Koramangala, HSR Layout 5th Sector, Bengaluru, Karnataka 560034",35124917203,SKU_120,13-02-2023
Nancy Wilson,"410, 7th Cross Rd, Domlur I Stage, Stage 2, Domlur, Bengaluru, Karnataka 560071",63205279519,SKU_21,12-02-2023
Paul Folse,"XJG3+554, Church St, Haridevpur, Shanthala Nagar, Ashok Nagar, Bengaluru, Karnataka 560001",59679931367,SKU_30,11-02-2023
Paulette Spade,"1MG, 2nd Floor, Lido Mall Trinity Circle, Mahatma Gandhi Rd, opposite Taj Vivanta, Bengaluru, Karnataka 560008",95647587854,SKU_28,11-02-2023
Lowell Williams,"Tower-B, 13th Floor, 84, Mahatma Gandhi Rd, Bengaluru, Karnataka 560001",31546680298,SKU_120,11-02-2023
Alice Williams,"514, Krishna Reddy Layout, Amarjyoti Layout, Domlur, Bengaluru, Karnataka 560071",25979298621,SKU_121,12-02-2023
Mary Johnson,"48,, Church St, Haridevpur, Shanthala Nagar, Ashok Nagar, Bengaluru, Karnataka 560001",67275680684,SKU_115,12-02-2023
Blake Toure,"31, Asha Building, Ground Floor, Church Street, Bengaluru, Karnataka 560001",32553693346,SKU_100,12-02-2023
Linda Aronoff,"XJG3+554, Church St, Haridevpur, Shanthala Nagar, Ashok Nagar, Bengaluru, Karnataka 560001",87193217399,SKU_85,11-02-2023
Robert Maenpaa,"#15K-1, D Block, St. Patrick's Church, Brigade Road, Shantalanagar, Bengaluru, Karnataka 560025",87559583556,SKU_92,11-02-2023
John Cisco,"SB Tower No. 88, 1st Floor, Mahatma Gandhi Rd, Haridevpur, Shanthala Nagar, Ashok Nagar, Bengaluru, Karnataka 560001",40128430377,SKU_81,12-02-2023
James Purnell,"770, 12th Main Rd, HAL 2nd Stage, Doopanahalli, Indiranagar, Bengaluru, Karnataka 560038",16763034118,SKU_75,13-02-2023
Pattie Milam,"21/A, nr. Honda Service Center, K.R.Colony, Krishna Reddy Layout, Domlur, Bengaluru, Karnataka 560071",46351858729,SKU_119,11-02-2023
Janice Christensen,"3051, 80 Feet Rd, 8th cross, HAL 2nd Stage, Indiranagar, Bengaluru, Karnataka 560038",59651690599,SKU_109,13-02-2023
Susan Gruber,"50/1, Church St, Shanthala Nagar, Ashok Nagar, Bengaluru, Karnataka 560001",64679928398,SKU_68,11-02-2023
Paul Padilla,"Brigade Rd, opp. St Joseph commerce College, Shanthala Nagar, Ashok Nagar, Bengaluru, Karnataka 560001",72681324883,SKU_59,11-02-2023
Paula Hourigan,"276, 2nd Floor, 100 Feet Rd, Defence Colony, Indiranagar, Bengaluru, Karnataka 560038",88958195373,SKU_10,13-02-2023
Courtney Schwartz,"No 148 & 149, St Thomas Building, Brigade Rd, Ashok Nagar, Bengaluru, Karnataka 560025",12192187759,SKU_140,11-02-2023
Vicki Demby,"647, 100 Feet Rd, 2nd stage Indiranagar, BDA Colony, Domlur Village, Indiranagar, Bengaluru, Karnataka 560038",66515329793,SKU_79,12-02-2023
Claudia Pell,"24, Church St, Shanthala Nagar, Ashok Nagar, Bengaluru, Karnataka 560001",43109949580,SKU_14,11-02-2023
John Park,"6, 2, Primrose Rd, Craig Park Layout, Sivanchetti Gardens, Bengaluru, Karnataka 560025",89245690113,SKU_106,13-02-2023
Clarence Kissinger,"No 325, Mahatma Gandhi Rd, Haridevpur, Shanthala Nagar, Shivaji Nagar, Bengaluru, Karnataka 560001",53665289250,SKU_54,11-02-2023
Heather Leonard,"12, Chinmaya Mission Hospital Rd, Hoysala Nagar, Indiranagar, Bengaluru, Karnataka 560038",53341462689,SKU_144,11-02-2023
Laura Marrero,"XJ2V+22R, Embassy Golf Links Business Park, Challaghatta, Bengaluru, Karnataka 560071",18548951914,SKU_46,12-02-2023
Dustin Ortiz,"52, Mahatma Gandhi Rd, Haridevpur, Shanthala Nagar, Shivaji Nagar, Bengaluru, Karnataka 560001",59285051850,SKU_43,12-02-2023
Cynthia Grenier,"4-9, Brigade Rd, Shanthala Nagar, Ashok Nagar, Bengaluru, Karnataka 560025",39960178648,SKU_30,11-02-2023
Linda Easley,"68, G-1, 4th Cross Road, 10th Main Rd, Stage 2, Indiranagar, Bengaluru, Karnataka 560038",57236290260,SKU_67,11-02-2023
Courtney Burton,"nd stage, #4062, 19th A Main Rd, behind Carlton Towers, HAL 2nd Stage, HAL, Bengaluru, Karnataka 560008",71915822980,SKU_148,13-02-2023
Kimberly Brady,"34, Rest House Rd, Shanthala Nagar, Sampangi Rama Nagara, Bengaluru, Karnataka 560001",64248549227,SKU_141,12-02-2023
Linda Armstrong,"693,, 17th E Cross Rd, Chinmaya Mission Hospital Rd, laksmipuram, Indiranagar, Bengaluru, Karnataka 560038",69249870508,SKU_127,12-02-2023
Yolanda Carchi,"WJXV+PC8, Embassy Golf Links Business Park, Challaghatta, Bengaluru, Karnataka 560071",14106018949,SKU_32,11-02-2023
Cynthia Peterson,"No. 3115, East West Apartment, 13th Cross, Indiranagar 2nd Stage, Near ESI Hospital, Bengaluru, Karnataka 560038",94846775697,SKU_122,12-02-2023
Conrad Davenport,"Garuda Mall, Magrath Rd, Ashok Nagar, Bengaluru, Karnataka 560025",66264640670,SKU_129,13-02-2023
Maria Criswell,"XJF3+VX7, Shanthala Nagar, Ashok Nagar, Bengaluru, Karnataka 560001",48917242424,SKU_139,11-02-2023
Gregory Carrico,"#15K-1, D Block, St. Patrick's Church, Brigade Road, Shantalanagar, Bengaluru, Karnataka 560025",54704659133,SKU_126,13-02-2023
Catherine Michael,"44, Church St, Haridevpur, Shanthala Nagar, Ashok Nagar, Bengaluru, Karnataka 560001",30376490790,SKU_127,11-02-2023
Eileen Shuler,"2nd Floor, # 618, 12th Main Rd, above Chicco, Indiranagar, Bengaluru, Karnataka 560038",25086447418,SKU_3,11-02-2023
Jennifer Brown,"Cavalcade, Kids Camp, 18, Mahatma Gandhi Rd, Ashok Nagar, Bengaluru, Karnataka 560001",49039146564,SKU_18,13-02-2023
Nicholas Smith,"54, Brigade Rd, Shanthala Nagar, Sampangi Rama Nagar, Bengaluru, Karnataka 560001",16722470479,SKU_140,12-02-2023
Lora Clay,"40, Kempegowda Service Rd, Domlur I Stage, 1st Stage, Domlur, Bengaluru, Karnataka 560071",81184966860,SKU_15,12-02-2023
Harry May,"Valiant Ventures, Triumph Tower Tower No. 48 Ground Floor, Church St, Shanthala Nagar, Ashok Nagar, Bengaluru, Karnataka 560001",26789195733,SKU_147,13-02-2023
Rodger Alexander,"123, Brigade Rd, Shanthala Nagar, Ashok Nagar, Bengaluru, Karnataka 560025",25406344462,SKU_119,12-02-2023
Long Brown,"68, G-1, 4th Cross Road, 10th Main Rd, Stage 2, Indiranagar, Bengaluru, Karnataka 560038",12947061891,SKU_77,12-02-2023
Amanda Elias,"XJCV+Q34, 3rd Cross Rd, HAL 2nd Stage, Indiranagar, Bengaluru, Karnataka 560038",19884650417,SKU_108,12-02-2023
Tracy Gray,"Tower-B, 13th floor, 84, Mahatma Gandhi Rd, Bengaluru, Karnataka 560001",78730479463,SKU_63,11-02-2023
Esperanza Sargent,"1362-B, 1st Main Rd, Defence Colony, Domlur, Bengaluru, Karnataka 560071",68813316077,SKU_10,12-02-2023
Karey Greigo,"No.1, 17e, Chinmaya Mission Hospital Rd, 2nd stage Indiranagar, BDA Colony, Domlur Village, Indiranagar, Bengaluru, Karnataka 560008",85356846530,SKU_89,12-02-2023
William Nelson,"9, Brigade Rd, Ashok Nagar, Bengaluru, Karnataka 560025",72386739449,SKU_27,12-02-2023
Mike Hogan,"54, Brigade Rd, Shanthala Nagar, Sampangi Rama Nagar, Bengaluru, Karnataka 560001",71313694263,SKU_6,11-02-2023
Pearlie Scott,"172B, 2nd Cross Road, Shankarnag Rd, off Paramahansa Yogananda Road, next to Ceekay Supermarket, Bengaluru, Karnataka 560071",79172755652,SKU_37,12-02-2023
Andrew Williams,"89, 11th Cross Rd, Stage 2, Hoysala Nagar, Indiranagar, Bengaluru, Karnataka 560038",30578273189,SKU_89,12-02-2023
James Finkenbinder,"4-9, Brigade Rd, Shanthala Nagar, Ashok Nagar, Bengaluru, Karnataka 560025",79114361880,SKU_4,12-02-2023
Vera Ferguson,"Ashok Nagar, Bengaluru, Karnataka 560025",29245152159,SKU_3,11-02-2023
Jim Beck,"Tower-B, 13th floor, 84, Mahatma Gandhi Rd, Bengaluru, Karnataka 560001",61806405086,SKU_19,13-02-2023
Jennifer Pettengill,"41, Dickenson Rd, Halasuru, Yellappa Garden, Rukmani Colony, Sivanchetti Gardens, Bengaluru, Karnataka 560042",37804817887,SKU_138,11-02-2023
Allan Person,"Brigade Road,Opposite Brigade Towers, Plot No. 124, Near Vellara Junction, Bengaluru, Karnataka 560050",28247828867,SKU_105,13-02-2023
Jeffrey Tucker,"7, Aaimata Temple Rd, KSFC Layout, Lingarajapuram, Bengaluru, Karnataka 560084",61739043245,SKU_120,13-02-2023
Monika Bryant,"3, Church St, Shanthala Nagar, MSR, Bengaluru, Karnataka 560001",18017508334,SKU_100,11-02-2023
Ambrose Barron,"212/A, 1st Main Rd, 2nd stage Indiranagar, BDA Colony, Domlur Village, Indiranagar, Bengaluru, Karnataka 560038",51179236757,SKU_141,12-02-2023
Adrian Hopkins,"1080, 12th Main Rd, HAL 2nd Stage, Appareddipalya, Indiranagar, Bengaluru, Karnataka 560008",59265924572,SKU_55,11-02-2023
Joseph Walker,"XJHQ+CVX, 7th Cross Road, Binnamangala, Hoysala Nagar, Indiranagar, Bengaluru, Karnataka 560038",79721797627,SKU_45,11-02-2023
Brooke Harris,"21/A, nr. Honda Service Center, K.R.Colony, Krishna Reddy Layout, Domlur, Bengaluru, Karnataka 560071",76933131669,SKU_69,11-02-2023
Ray Donovan,"540, 100 Feet Rd, Krishna Reddy Layout, Amarjyoti Layout, Domlur, Bengaluru, Karnataka 560071",74587798761,SKU_144,13-02-2023
Cassie Boyd,"373/2, 100 Feet Rd, HAL 2nd Stage, Stage 1, Indiranagar, Bengaluru, Karnataka 560038",44692226253,SKU_31,11-02-2023
Christie Smith,"100 Feet Rd, HAL 2nd Stage, Kodihalli, Bengaluru, Karnataka 560008",67032882713,SKU_128,11-02-2023
Joshua Allbritton,"Royal Orchid Central, Manipal Center, Dickenson Road,, Bengaluru, Karnataka 560042",28654634050,SKU_75,12-02-2023
Anthony Villasenor,"XJ2Q+WXH, 100 Feet Rd, Krishna Reddy Layout, Amarjyoti Layout, Domlur, Bengaluru, Karnataka 560071",57456948131,SKU_146,13-02-2023
Bruce Mckinney,"204, 5th Main, 7th Cross, Indiranagar I Stage, Bengaluru, Karnataka 560038",33287679570,SKU_149,11-02-2023
Joe Le,"4005, 100 Feet Rd, HAL 2nd Stage, Stage 2, Indiranagar, Bengaluru, Karnataka 560038",84653395522,SKU_110,11-02-2023
Samuel Prezzia,4Â km,23662468343,SKU_103,12-02-2023
Gladys Charles,"#621/B, G-05, Ground Floor, 12th Main Rd, HAL 2nd Stage, Indiranagar, Bengaluru, Karnataka 560038",84176048831,SKU_19,11-02-2023
Lisa Zak,"Prince Arcade, 1083, 12th Main Rd, 2nd stage Indiranagar, HAL 2nd Stage, Domlur Village, Indiranagar, Bengaluru, Karnataka 560038",40554174009,SKU_127,11-02-2023
Gregory Smith,"11-15, 1st Main Rd, Domlur I Stage, 1st Stage, Domlur, Bengaluru, Karnataka 560071",83136638406,SKU_75,13-02-2023
James Tiemann,"Fifth Floor, 1 MG Mall, Old Madras Rd, Halasuru, Someshwarpura, Karnataka 560001",22799851008,SKU_105,11-02-2023
Marcia Gonzalez,"Brigade Road,Opposite Brigade Towers, Plot No. 124, Near Vellara Junction, Bengaluru, Karnataka 560050",53207810503,SKU_7,11-02-2023
Sandra Lilly,"#32, 12th main, junction, 80 Feet Rd, above keto kitchen, Indiranagar, Bengaluru, Karnataka 560038",92475864499,SKU_121,11-02-2023
Barbara Hemphill,"70, Markham Road Off Brigade Road Next To Ocea Hotel, Ashok Nagar, Richmond Town, Bengaluru, Karnataka 560025",27139290262,SKU_98,12-02-2023
Haydee Shively,"Chai Point, Trinity, Mahatma Gandhi Rd, Craig Park Layout, Ashok Nagar, Bengaluru, Karnataka 560001",71869692482,SKU_120,11-02-2023
Adam Field,"755, Shri Krishna Temple Rd, Kalyan Nagar, Indira Nagar 1st Stage, Stage 1, Indiranagar, Bengaluru, Karnataka 560038",98637325727,SKU_37,11-02-2023
Troy Dietzler,"2nd floor, 33, Church St, Above Mainland China, Shanthi Nagar, Ashok Nagar, Bengaluru, Karnataka 560001",48165164015,SKU_132,11-02-2023
Madeline Dixon,"No 148 & 149, St Thomas Building, Brigade Rd, Ashok Nagar, Bengaluru, Karnataka 560025",19447599996,SKU_118,12-02-2023
Alfred Henderson,"32, Ground Floor, Gurudev Chambers, 7th Cross Rd, First Stage, Indiranagar, Bengaluru, Karnataka 560038",91436994393,SKU_27,11-02-2023
Tyler Rhinehart,"501 C.M.H Road Binnamangala Extension, Indira Nagar 1st Stage, Bengaluru, Karnataka 560038",17582775792,SKU_121,11-02-2023
James Albright,"Church St, Haridevpur, Shanthala Nagar, Ashok Nagar, Bengaluru, Karnataka 560001",84439860270,SKU_111,12-02-2023
Mary Callahan,"86, Church Street spencer building, Mahatma Gandhi Rd, Bengaluru, Karnataka 560001",25927508371,SKU_22,12-02-2023
Latia Baker,"15, Convent Rd, inside Green Theory, Shanthala Nagar, Ashok Nagar, Bengaluru, Karnataka 560025",78972790005,SKU_15,11-02-2023
Michael Moss,"52, 3rd floor, Above Pantaloons, M G Road, Bengaluru, Karnataka 560001",14190437534,SKU_6,11-02-2023
John Husseini,"Teacher's Colony, Jakkasandra, 1st Block Koramangala, HSR Layout 5th Sector, Bengaluru, Karnataka 560034",79461163274,SKU_16,13-02-2023
Kevin Stokes,"5th Floor, 541-543, 100 Feet Rd, Amarjyoti Layout, Bengaluru, Karnataka 560071",20883758819,SKU_25,11-02-2023
Chris Taylor,"421R, Shri Krishna Temple Rd, Indira Nagar 1st Stage, Stage 1, Indiranagar, Bengaluru, Karnataka 560038",28952271392,SKU_121,11-02-2023
Carol Burke,"44, Church St, Haridevpur, Shanthala Nagar, Ashok Nagar, Bengaluru, Karnataka 560001",40307533601,SKU_76,12-02-2023
Suzanne Gonzalez,"No. 30, Residency Road Brigade Road - Residency Road, Junction, Ashok Nagar, Bengaluru, Karnataka 560025",80767439974,SKU_63,11-02-2023
Katherine Holley,"138/2, Phase 2, R K Colony, 2nd Phase, J. P. Nagar, Bengaluru, Karnataka 560078",45195741417,SKU_93,13-02-2023
Ruth Daly,"4/1/1, Brunton Rd, Ashok Nagar, Bengaluru, Karnataka 560001",38531828049,SKU_24,11-02-2023
Edward Duncan,"1007, Mahatma Gandhi Rd, Yellappa Garden, Yellappa Chetty Layout, Sivanchetti Gardens, Bengaluru, Karnataka 560001",27841080733,SKU_49,11-02-2023
Laura Fisher,"No 657, 100 Feet Rd, above KTM Bike Show Room, Indiranagar, Bengaluru, Karnataka 560038",12606706591,SKU_28,12-02-2023
Billie Collins,"Ashok Nagar, Bengaluru, Karnataka 560025",56323110418,SKU_105,11-02-2023
Grady Linkous,"No 48, Triumph Tower, Opp High Gates Hotel, Church Street, Bengaluru, Karnataka 560001",12708948125,SKU_73,11-02-2023
Valerie Wilkerson,"7, Aaimata Temple Rd, KSFC Layout, Lingarajapuram, Bengaluru, Karnataka 560084",31455852314,SKU_14,11-02-2023
Christine Gordon,"3rd Floor, Garuda Mall, 15, Magrath Rd, Craig Park Layout, Ashok Nagar, Bengaluru, Karnataka 560025",18668546592,SKU_146,11-02-2023
James Mckinney,"Kannan Building, 89, Mahatma Gandhi Rd, Haridevpur, Shanthala Nagar, Ashok Nagar, Bengaluru, Karnataka 560001",35260035086,SKU_119,11-02-2023
Kenneth Pane,"14, The Park Hotel, 7, Mahatma Gandhi Rd, Yellappa Chetty Layout, Sivanchetti Gardens, Bengaluru, Karnataka 560042",74293612969,SKU_19,13-02-2023
Kathy Wiles,"No 148 & 149, St Thomas Building, Brigade Rd, Shanthala Nagar, Ashok Nagar, Karnataka 560025",18053936043,SKU_108,11-02-2023
Kathleen Utley,"Prince Arcade, 1066, 5th Cross Rd, HAL 2nd Stage, Doopanahalli, Indiranagar, Bengaluru, Karnataka 560008",22994045708,SKU_106,11-02-2023
William Croft,"472, Shri Krishna Temple Rd, Indira Nagar 1st Stage, Stage 1, Indiranagar, Bengaluru, Karnataka 560038",74670407413,SKU_19,12-02-2023
Robert Schulz,"70, Markham Road Off Brigade Road Next To Ocea Hotel, Ashok Nagar, Richmond Town, Bengaluru, Karnataka 560025",50247858301,SKU_48,11-02-2023
Gregory Wageman,"BDA Complex, No.17, Old Madras Rd, Indiranagar, Bengaluru, Karnataka 560038",99660758578,SKU_149,11-02-2023
Michael Singh,"101, Brigade Rd, Below ICP, Shanthala Nagar, Ashok Nagar, Bengaluru, Karnataka 560025",22506058837,SKU_61,11-02-2023
William Difranco,"XJHM+J8R, 17th F Cross Road, laksmipuram, Indiranagar, Bengaluru, Karnataka 560038",93392357196,SKU_101,11-02-2023
Jerry Barger,"22, Amoeba Complex, Church Street, Mahatma Gandhi Rd, Ashok Nagar, Bengaluru, Karnataka 560001",66034687235,SKU_115,11-02-2023
Martha Besser,"197/A, Paramahansa Yogananda Rd, next to Nagarjuna restaurent, opp. HDFC BANK, Stage 2, Eshwara Layout, Indiranagar, Bengaluru, Karnataka 560038",77214532455,SKU_112,12-02-2023
Gerald Smith,"6,ESI Hospital Road, 100 Feet Rd, HAL 2nd Stage, Doopanahalli, Bengaluru, Karnataka 560008",35554665228,SKU_148,12-02-2023
Marion Evenson,"179, 9th cross, 5th Main Rd, 1st Stage, Binnamangala, Hoysala Nagar, Indiranagar, Bengaluru, Karnataka 560038",33181533194,SKU_106,12-02-2023
Robert Nang,"6, Rest House Rd, Shanthala Nagar, Ashok Nagar, Bengaluru, Karnataka 560001",77001160535,SKU_45,12-02-2023
Joseph Canada,"XJG3+66F, Haridevpur, Shanthala Nagar, Ashok Nagar, Bengaluru, Karnataka 560001",24288580493,SKU_24,11-02-2023
Wayne Meyer,"NO.14, Ground Floor, Church Street, St Mark's Rd, Haridevpur, Shanthala Nagar, Ashok Nagar, Bengaluru, Karnataka 560001",99759583851,SKU_64,12-02-2023
Terry Robbins,"Door No, 58, 80 Feet Rd, HAL 3rd Stage, Main, Indiranagar, Bengaluru, Karnataka 560038",78169691180,SKU_49,12-02-2023
Darrell Carter,"7, Chinmaya Mission Hospital Rd, opp. Pillar No 77, Stage 2, Hoysala Nagar, Indiranagar, Bengaluru, Karnataka 560038",44906086311,SKU_87,12-02-2023
Kenneth Marshall,"70, Brigade Rd, Ashok Nagar, Bengaluru, Karnataka 560025",28190302012,SKU_123,11-02-2023
John Angeles,"29, Church St, Shanthala Nagar, Ashok Nagar, Bengaluru, Karnataka 560001",94035621477,SKU_146,11-02-2023
Ted Reveal,"Anjaneya Complex, #1, Basement, HAL Old Airport Rd, Kodihalli, Bengaluru, Karnataka 560008",74446807847,SKU_142,11-02-2023
Robert Sutherland,"XJ6Q+8C4, 7th Cross Rd, Domlur I Stage, 1st Stage, Domlur, Bengaluru, Karnataka 560071",53413934431,SKU_93,12-02-2023
Clifford Jeanbaptiste,"410, 7th Cross Rd, Domlur I Stage, Stage 2, Domlur, Bengaluru, Karnataka 560071",32318569837,SKU_150,11-02-2023
James Burkett,"172B, 2nd Cross Rd, Stage 2, Indiranagar, Bengaluru, Karnataka 560071",28612109622,SKU_134,11-02-2023
Daniel Mohler,"#788, JK Plaza, 12th Main Rd, HAL 2nd Stage, Indiranagar, Bengaluru, Karnataka 560038",66220449861,SKU_3,11-02-2023
Elda Boutin,"Restaurant House, 48, Rest House Road, Off Brigade Road, Road, Bengaluru, Karnataka 560001",91881183513,SKU_89,13-02-2023
Mila Dion,"Plot No. 42, Sama Tower, Ground Floor, Church Street, Bengaluru, Karnataka 560001",24528650160,SKU_135,12-02-2023
Melia Eichmann,"Church St, Haridevpur, Shanthala Nagar, Ashok Nagar, Bengaluru, Karnataka 560001",33745024949,SKU_126,11-02-2023
Earl Pollara,"No. 20, 2nd Floor, Paul Castle, Castle St, near Brigade Tower, Ashok Nagar, Bengaluru, Karnataka 560025",64667212744,SKU_31,11-02-2023
Ida Vanderlinde,"282-285, Intermediate Ring Rd, Krishna Reddy Layout, Amarjyoti Layout, Domlur, Bengaluru, Karnataka 560071",26150642532,SKU_30,13-02-2023
James Byron,"Ground Floor, 608, 12th Main Rd, HAL 2nd Stage, Indiranagar, Bengaluru, Karnataka 560038",15524752967,SKU_146,13-02-2023
Annette Russell,"XJ95+R23, Markham Rd, Shanthala Nagar, Ashok Nagar, Bengaluru, Karnataka 560025",12584409519,SKU_55,11-02-2023
Michael Adams,"5 Lancer Building, 120, Brigade Rd, Ashok Nagar, Bengaluru, Karnataka 560025",79440976227,SKU_150,11-02-2023
Linda Warner,"172B, 2nd Cross Rd, Stage 2, Indiranagar, Bengaluru, Karnataka 560071",93533947856,SKU_77,12-02-2023
Christina Mcghee,"Building No, 1314, Paramahansa Yogananda Rd, Indira Nagar II Stage, Eshwara Layout, Indiranagar, Bengaluru, Karnataka 560038",47965414193,SKU_118,13-02-2023
Anthony Hofer,"Allied Grand Plaza, 3rd, 8, Magrath Rd, Ashok Nagar, Bengaluru, Karnataka 560025",25027698252,SKU_28,11-02-2023
Juan Guzman,"138/28, Off, Intermediate Ring Rd, opposite Embassy Golf Links, Krishna Reddy Layout, Amarjyoti Layout, Domlur, Bengaluru, Karnataka 560071",91425776426,SKU_89,13-02-2023
Irene Harris,"entrance corner, No. 31, 1st Floor, SGR Junction 7th Cross Rd, 4th Main Rd, 1st Stage, Domlur, Bengaluru, Karnataka 560071",41659166589,SKU_84,11-02-2023
Elizabeth Robbins,"2981, Icon Mall, Ground Floor, 12th main, 5th Cross Rd, HAL 2nd Stage, Indiranagar, Bengaluru, Karnataka 560038",14333458585,SKU_104,11-02-2023
Dianne Edge,"The Park, MG Road, 14/7, Bhaskaran Rd, Sivanchetti Gardens, Bengaluru, Karnataka 560042",48175097048,SKU_68,13-02-2023
Martha Blackaby,"No.949, 12th Main Rd, Sodepur, Appareddipalya, Indiranagar, Bengaluru, Karnataka 560008",80006755613,SKU_69,13-02-2023
Margaret Hunstad,"Public Utility Building, 36 1, Mahatma Gandhi Rd, Halasuru, Karnataka 560001",96709522045,SKU_26,12-02-2023
Jacqueline Cockrell,"No 325, Mahatma Gandhi Rd, Haridevpur, Shanthala Nagar, Shivaji Nagar, Bengaluru, Karnataka 560001",86821532481,SKU_38,11-02-2023
Paul Price,"No. 3115, East West Apartment, 13th Cross, Indiranagar 2nd Stage, Near ESI Hospital, Bengaluru, Karnataka 560038",74129338785,SKU_145,12-02-2023
Maureen English,"693,, 17th E Cross Rd, Chinmaya Mission Hospital Rd, laksmipuram, Indiranagar, Bengaluru, Karnataka 560038",34155006971,SKU_38,11-02-2023
Karen Zayicek,"3, Ground Floor House of Lords, St Mark's Rd, Bengaluru, Karnataka 560001",44832974738,SKU_4,11-02-2023
William Miller,"Telephone Exchange Near, No-473, 80 Feet Rd, HAL 3rd Stage, Beema Nagar, Indiranagar, Bengaluru, Karnataka 560075",39021592852,SKU_61,11-02-2023
Basil Ryan,"24, Church St, Shanthala Nagar, Ashok Nagar, Bengaluru, Karnataka 560001",87335767127,SKU_109,12-02-2023
Samuel Fernandez,"Fifth Floor, 1 MG Mall, Old Madras Rd, Halasuru, Someshwarpura, Karnataka 560001",97870332834,SKU_41,12-02-2023
Peter Banks,"421R, Shri Krishna Temple Rd, Indira Nagar 1st Stage, Stage 1, Indiranagar, Bengaluru, Karnataka 560038",30241024803,SKU_109,11-02-2023
Lisa Mckown,"nd stage, #4062, 19th A Main Rd, behind Carlton Towers, HAL 2nd Stage, HAL, Bengaluru, Karnataka 560008",50118634064,SKU_58,11-02-2023
Omar Schiavone,"Ashok Nagar, Bengaluru, Karnataka 560025",98498251405,SKU_41,11-02-2023
Samuel Oconnell,"No 325, Mahatma Gandhi Rd, Haridevpur, Shanthala Nagar, Shivaji Nagar, Bengaluru, Karnataka 560001",40898512069,SKU_60,13-02-2023
Toby Burgos,"No. 30, Residency Road Brigade Road - Residency Road, Junction, Ashok Nagar, Bengaluru, Karnataka 560025",40296979277,SKU_92,13-02-2023
Edward Mcdonough,"Ashok Nagar, Bengaluru, Karnataka 560025",94864525548,SKU_42,13-02-2023
Elizabeth Fairfield,"2nd floor, 33, Church St, Above Mainland China, Shanthi Nagar, Ashok Nagar, Bengaluru, Karnataka 560001",36008428431,SKU_21,11-02-2023
Janette Williams,"Shop no. 216-219, 2th Floor, Forum Neighbourhood Mall, No 62, Whitefield, Bengaluru, Karnataka 560066",57407525162,SKU_127,12-02-2023
Katherine Corbitt,"101, Brigade Rd, Below ICP, Shanthala Nagar, Ashok Nagar, Bengaluru, Karnataka 560025",53203215625,SKU_89,12-02-2023
Katherine Fields,"545, Chinmaya Mission Hospital Road, Binnamangala, Indiranagar, Bengaluru, Karnataka 560038",12480146452,SKU_105,11-02-2023
Susan Harris,"34, Rest House Rd, Shanthala Nagar, Sampangi Rama Nagara, Bengaluru, Karnataka 560001",12094215863,SKU_66,12-02-2023
Steven Caballero,"XJ2V+22R, Embassy Golf Links Business Park, Challaghatta, Bengaluru, Karnataka 560071",49390409704,SKU_118,12-02-2023
Larry Hall,"Brigade Rd, opp. St Joseph commerce College, Shanthala Nagar, Ashok Nagar, Bengaluru, Karnataka 560001",64640288733,SKU_59,11-02-2023
Bobby Mercado,"XJG3+554, Church St, Haridevpur, Shanthala Nagar, Ashok Nagar, Bengaluru, Karnataka 560001",26676603358,SKU_50,13-02-2023
Doris Lawhorn,"35, Castle St, Ashok Nagar, Bengaluru, Karnataka 560025",67009808160,SKU_67,12-02-2023
George Polycarpe,"120, Brigade Road, 4th Floor, Lancer Building, Ashok Nagar, Bengaluru, Karnataka 560025",38936179254,SKU_10,11-02-2023
Joel Cowan,"7/A, 1st KM Complex, Kodihalli Main Rd, Bengaluru, Karnataka 560008",75789739890,SKU_36,13-02-2023
Gladys Guertin,"XJJR+268, 5th Main Rd, Indira Nagar II Stage, Hoysala Nagar, Indiranagar, Bengaluru, Karnataka 560038",54451469473,SKU_60,11-02-2023
Glenna Perry,"322/1, Chinmaya Mission Hospital Rd, Near Indiranagar Metro Station, Binnamangala, Stage 1, Indiranagar, Bengaluru, Karnataka 560038",56028013291,SKU_101,11-02-2023
David Farrey,"1079, 12th Main Rd, Appareddipalya, Indiranagar, Bengaluru, Karnataka 560008",94742595294,SKU_119,12-02-2023
Hazel Martin,"1MG, 2nd Floor, Lido Mall Trinity Circle, Mahatma Gandhi Rd, opposite Taj Vivanta, Bengaluru, Karnataka 560008",68650384198,SKU_105,12-02-2023
April Sumner,"Ground Floor & 1st Floor, Brigade Rd, opposite Space Centre, Shanthala Nagar, Ashok Nagar, Bengaluru, Karnataka 560029",75514322127,SKU_148,11-02-2023
Martha Sellers,"236, 13th Cross Rd, Indira Nagar II Stage, Hoysala Nagar, Indiranagar, Bengaluru, Karnataka 560038",23322221647,SKU_110,13-02-2023
Latoya Waller,"Todi Residency, Coffee Day, 57, 100 Feet Rd, next to Cafe, Indiranagar, Bengaluru, Karnataka 560038",12587871983,SKU_11,12-02-2023
Otis Butterworth,"37-39, Mahatma Gandhi Rd, Yellappa Garden, Yellappa Chetty Layout, Sivanchetti Gardens, Bengaluru, Karnataka 560001",82001092315,SKU_60,12-02-2023
Todd Howard,"52, Mahatma Gandhi Rd, Haridevpur, Shanthala Nagar, Shivaji Nagar, Bengaluru, Karnataka 560001",35290026057,SKU_32,11-02-2023
Florence Davis,"2nd floor, 33, Church St, Above Mainland China, Shanthi Nagar, Ashok Nagar, Bengaluru, Karnataka 560001",46793409626,SKU_19,12-02-2023
Bob Douglass,"3rd Floor, 8th Main Road, 710, 80 Feet Rd, above New Bata Showroom, Indiranagar, Bengaluru, Karnataka 560038",24024754041,SKU_130,11-02-2023
Stephanie Sullivan,"No.840/1, 100 ft road, Metro Pillar 56 & 57, Indiranagar, Bengaluru, Karnataka 560038",85497713967,SKU_20,11-02-2023
Amos Sexton,"XJC4+GPP, Brigade Rd, Haridevpur, Shanthala Nagar, Ashok Nagar, Bengaluru, Karnataka 560001",37241712280,SKU_139,11-02-2023
Sharon Gateley,"XJMR+45P, Near-Kotak Mahendra Bank, 100 Feet Rd, Indira Nagar II Stage, Hoysala Nagar, Indiranagar, Bengaluru, Karnataka 560038",29227645181,SKU_5,12-02-2023
Nancy Hollie,"1/4, Ground Floor, 1 Mg-Lido Mall, Old Madras Rd, Halasuru, Bengaluru, Karnataka 560008",69351102415,SKU_122,11-02-2023
Harry Medina,"1st floor, 765, 100 Feet Rd, HAL 2nd Stage, Appareddipalya, Indiranagar, Bengaluru, Karnataka 560038",83986865302,SKU_112,11-02-2023
Maura Bland,"Ram Kunj, 16/3, Magrath Rd, Opposite Garuda Mall, Ashok Nagar, Bengaluru, Karnataka 560025",12427578509,SKU_77,11-02-2023
Pauline Bacon,"Church St 46/1, Cobalt, Haridevpur, Shanthala Nagar, Ashok Nagar, Bengaluru, Karnataka 560001",81526509059,SKU_100,13-02-2023
Imogene Johnson,"13th, 3136, 7th cross, main, Shirdi Sai Baba Mandir Rd, Indiranagar, Bengaluru, Karnataka 560038",41646112349,SKU_39,12-02-2023
Charles Metzger,"WJ52+29G, Dollar Layout, Stage 2, BTM Layout, Bengaluru, Karnataka 560076",95972400970,SKU_113,12-02-2023
Marcia Guerra,"Brigade Rd, opp. St Joseph commerce College, Shanthala Nagar, Ashok Nagar, Bengaluru, Karnataka 560001",56866279932,SKU_51,11-02-2023
Charlie Prost,"185, Brigade Rd, next to Piza Hut, Shanthala Nagar, Ashok Nagar, Bengaluru, Karnataka 560001",75279862918,SKU_56,11-02-2023
Mabel Loiseau,"86, Church Street spencer building, Mahatma Gandhi Rd, Bengaluru, Karnataka 560001",68028364648,SKU_76,11-02-2023
Brandon Jameson,"1083, Rooftop, Prince Arcade, 12th Main Rd, HAL 2nd Stage, Indiranagar, Bengaluru, Karnataka 560038",35407564231,SKU_142,12-02-2023
Wanda Harris,"185, Brigade Rd, next to Piza Hut, Shanthala Nagar, Ashok Nagar, Bengaluru, Karnataka 560001",12254476512,SKU_135,11-02-2023
Shakia Hartman,"No.169, 13th Main Rd, HAL 2nd Stage, Indiranagar, Bengaluru, Karnataka 560008",15162277692,SKU_133,11-02-2023
Amanda Witcher,"1136, 100 Feet Rd, HAL 2nd Stage, Indiranagar, Bengaluru, Karnataka 560008",24073999831,SKU_88,12-02-2023
David Kroesing,"Brigade Rd, Shanthala Nagar, Ashok Nagar, Bengaluru, Karnataka 560001",36089993310,SKU_20,11-02-2023
Mary Olivares,"204, 5th Main Rd, 7th Cross, Binnamangala, Stage 1, Indiranagar, Bengaluru, Karnataka 560038",90551624080,SKU_93,11-02-2023
William Cunningham,"No. 2/1, Brunton Road, Off MG Road, Opp Old Passport Office, Bengaluru, Karnataka 560001",66989379394,SKU_25,11-02-2023
Robert Livengood,"4-9, Brigade Rd, Shanthala Nagar, Ashok Nagar, Bengaluru, Karnataka 560025",96634390228,SKU_4,11-02-2023
Lorraine Martinez,"No:141, 4th Floor, Junction, Thanisandra Main Road, Above A2B, Nagavara, Bengaluru, Karnataka 560045",87738619330,SKU_50,13-02-2023
Mary Hull,"18, Church St, Shanthala Nagar, Ashok Nagar, Bengaluru, Karnataka 560001",52161100850,SKU_123,13-02-2023
Leila Weaver,"70, Brigade Rd, Ashok Nagar, Bengaluru, Karnataka 560025",19687202894,SKU_72,12-02-2023
Jimmie Goodrum,"No 10 floor, Curzon Court Complex, Brigade Rd, 1st R Block, Shanthala Nagar, Ashok Nagar, Bengaluru, Karnataka 560001",18586870335,SKU_107,13-02-2023
David Radice,"1200, 100 Feet Rd, HAL 2nd Stage, Doopanahalli, Indiranagar, Bengaluru, Karnataka 560008",24495277697,SKU_104,12-02-2023
Elizabeth Ellis,"XJJQ+VJR, 2nd Main Rd, Binnamangala, Stage 1, Indiranagar, Bengaluru, Karnataka 560038",17136896234,SKU_27,11-02-2023
Mildred Burns,"2nd Floor, #295-296, 100 Feet Rd, First Stage, Indiranagar, Bengaluru, Karnataka 560038",69900608352,SKU_60,11-02-2023
Forrest Ames,"M G, The Oberoi Bengaluru, 37-39, Mahatma Gandhi Road, Road, Bengaluru, Karnataka 560001",58190771447,SKU_45,11-02-2023
Anthony Rivera,"Trinity Circle, 1 Mg 1 Mg-Lido Mall, Foodhall, 1, Mahatma Gandhi Rd, Bengaluru, Karnataka 560008",41996893111,SKU_89,12-02-2023
Marla Miller,"MSK Plaza, 3rd Main Rd, Defence Colony, Indiranagar, Bengaluru, Karnataka 560038",97089621557,SKU_15,13-02-2023
Sandra Madden,"32, Ground Floor, Gurudev Chambers, 7th Cross Rd, First Stage, Indiranagar, Bengaluru, Karnataka 560038",46902023822,SKU_30,12-02-2023
Rebecca Anderson,"5th Floor, Bangalore Central Mall, Residency Rd, Bengaluru, Karnataka 560025",75441819321,SKU_17,11-02-2023
Katherine Brown,"#294, 6th Main, HAL 2nd Stage, Near Ezone, Indiranagar, Bengaluru, Karnataka 560008",28286106337,SKU_143,12-02-2023
Virgil Dudley,"No.1, 17e, Chinmaya Mission Hospital Rd, 2nd stage Indiranagar, BDA Colony, Domlur Village, Indiranagar, Bengaluru, Karnataka 560008",19424965508,SKU_65,11-02-2023
Brittany Hale,"6, Rest House Rd, Shanthala Nagar, Ashok Nagar, Bengaluru, Karnataka 560001",22789904921,SKU_93,12-02-2023
Mark Strobel,"H.No: 191 VINAYAKA PG Near Nagarjuna Hotel, beside KIWI DATES AND NUTS B, Karnataka 560038",78559720051,SKU_137,11-02-2023
Monica Allen,"6, 2, Primrose Rd, Craig Park Layout, Sivanchetti Gardens, Bengaluru, Karnataka 560025",64683788121,SKU_30,13-02-2023
Stanley Chisolm,"1MG, 2nd Floor, Lido Mall Trinity Circle, Mahatma Gandhi Rd, opposite Taj Vivanta, Bengaluru, Karnataka 560008",22776490886,SKU_63,13-02-2023
Shirley Cason,"21/A, nr. Honda Service Center, K.R.Colony, Krishna Reddy Layout, Domlur, Bengaluru, Karnataka 560071",86965274534,SKU_63,12-02-2023
Jettie Bergevin,"No 148 & 149, St Thomas Building, Brigade Rd, Shanthala Nagar, Ashok Nagar, Karnataka 560025",88031625743,SKU_103,11-02-2023
James Wayman,"No 479 , 1st Floor, 2nd Main, behind BDA Complex, 2nd Stage, Indiranagar, Bengaluru, Karnataka 560038",28422017792,SKU_45,12-02-2023
Irene Chivers,"1, 1, Museum Rd, Haridevpur, Shanthala Nagar, Ashok Nagar, Bengaluru, Karnataka 560001",44427217462,SKU_32,11-02-2023
Warren Lamb,"Ashok Nagar, Bengaluru, Karnataka 560025",96818139553,SKU_70,11-02-2023
Ericka Breeden,"Maharaja Furniture Building, 1205, 100 Feet Rd, HAL 2nd Stage, Doopanahalli, Indiranagar, Bengaluru, Karnataka 560008",81050330436,SKU_124,11-02-2023
Lynnette Pinero,"Brigade Road,Opposite Brigade Towers, Plot No. 124, Near Vellara Junction, Bengaluru, Karnataka 560050",75614896303,SKU_114,11-02-2023
Jennifer Dobson,"No 1, 1A, Chinmaya Mission Hospital Rd, Stage 1, Indiranagar, Bengaluru, Karnataka 560038",26547492470,SKU_120,12-02-2023
Ruth Cuevas,"1st floor, #57, 100 Feet Rd, above Hush Puppies showroom, Defence Colony, Indiranagar, Bengaluru, Karnataka 560038",47296845147,SKU_19,12-02-2023
Kevin Miller,"XJ8Q+286, 1st Main Rd, Stage 2, Domlur, Bengaluru, Karnataka 560008",50285248167,SKU_85,11-02-2023
Janice Dartt,"Shop No, 763, 100 Feet Rd, next to Xtreme Sports Bar, HAL 2nd Stage, Appareddipalya, Indiranagar, Bengaluru, Karnataka 560038",23210809663,SKU_66,11-02-2023
Ernest Ragan,"2286, 14th A Main Rd, HAL 2nd Stage, Indiranagar, Bengaluru, Karnataka 560038",16360780825,SKU_144,11-02-2023
Victor Norcross,"No1, Brunton Rd, Ashok Nagar, Bengaluru, Karnataka 560025",61101038477,SKU_109,11-02-2023
Robert Mirabella,"HAL 2nd Stage, Doopanahalli, Indiranagar, Bengaluru, Karnataka 560008",23264212481,SKU_73,11-02-2023
Carmen Brussel,"Shop No. 26, HAL Old Airport Rd, ISRO Colony, Domlur, Bengaluru, Karnataka 560008",64077851616,SKU_95,11-02-2023
David Chisolm,"H.No: 191 VINAYAKA PG Near Nagarjuna Hotel, beside KIWI DATES AND NUTS B, Karnataka 560038",23206308189,SKU_32,11-02-2023
Gary Yates,"18, 17th F Cross Road, Hoysala Nagar, Indiranagar, Bengaluru, Karnataka 560038",23987063003,SKU_98,13-02-2023
Arthur Brookes,"50/1, Church St, Shanthala Nagar, Ashok Nagar, Bengaluru, Karnataka 560001",89129483649,SKU_81,13-02-2023
Amy Peterson,"1st floor, #57, 100 Feet Rd, above Hush Puppies showroom, Defence Colony, Indiranagar, Bengaluru, Karnataka 560038",85673431434,SKU_32,11-02-2023
Hong Hiser,"Allied Grand Plaza, 2nd Floor, 8, Magrath Rd, Above Nalli Silks, Opposite Garuda Mall, Ashok Nagar, Bengaluru, Karnataka 560025",46540900563,SKU_5,13-02-2023
Mary Brown,"303, Ashoka Terrace, 5th Main Rd, Indira Nagar 1st Stage, Bengaluru, Karnataka 560038",22713075190,SKU_117,11-02-2023
Arthur Wood,"Shop No, 763, 100 Feet Rd, next to Xtreme Sports Bar, HAL 2nd Stage, Appareddipalya, Indiranagar, Bengaluru, Karnataka 560038",48417748072,SKU_106,13-02-2023
Marion Pollard,"2986, 12th Main Rd, HAL 2nd Stage, Indiranagar, Bengaluru, Karnataka 560038",45024955169,SKU_43,11-02-2023
Joseph Sirmons,"Sri Avenue.23, 3rd B Cross, 60 feet, 12th Cross Rd, 2nd Stage, Domlur, Bengaluru, 560008",67836966420,SKU_30,13-02-2023
Raymond Curry,"The Park, MG Road, 14/7, Bhaskaran Rd, Sivanchetti Gardens, Bengaluru, Karnataka 560042",16748687433,SKU_80,12-02-2023
Shirley Maxwell,"Tower-B, 13th Floor, 84, Mahatma Gandhi Rd, Bengaluru, Karnataka 560001",94940403603,SKU_37,11-02-2023
Charley Marshall,"21/A, nr. Honda Service Center, K.R.Colony, Krishna Reddy Layout, Domlur, Bengaluru, Karnataka 560071",55069433033,SKU_24,11-02-2023
Rodney Grimes,"XJ2Q+WXH, 100 Feet Rd, Krishna Reddy Layout, Amarjyoti Layout, Domlur, Bengaluru, Karnataka 560071",46644684687,SKU_15,11-02-2023
Nicholas Meese,"#79,Ground Floor, 2nd Cross Rd, 2nd Phase, J. P. Nagar, Bengaluru, Karnataka 560078",21368508152,SKU_137,13-02-2023
William Hacher,"14, Church St, Shanthala Nagar, Ashok Nagar, Bengaluru, Karnataka 560001",16270368177,SKU_9,13-02-2023
Kathleen Galvan,"22, Near George Thangayya Complex, 80 Feet Rd, Michael Palaya, Defence Colony, Indiranagar, Bengaluru, Karnataka 560075",21747185042,SKU_38,13-02-2023
Nicole Blair,"#79,Ground Floor, 2nd Cross Rd, 2nd Phase, J. P. Nagar, Bengaluru, Karnataka 560078",98357415751,SKU_74,13-02-2023
Keisha Farnham,"2985, 12th Main Rd, HAL 2nd Stage, Indiranagar, Bengaluru, Karnataka 560038",17845278009,SKU_86,13-02-2023
Heidi Thomas,"The Oberoi, 37-39, Mahatma Gandhi Rd, Yellappa Garden, Yellappa Chetty Layout, Sivanchetti Gardens, Bengaluru, Karnataka 560001",35896375109,SKU_14,13-02-2023
Jennifer Thompson,"477, Shri Krishna Temple Rd, Near Karnataka Bank, Indira Nagar 1st Stage, Stage 1, Indiranagar, Bengaluru, Karnataka 560038",47419445921,SKU_24,11-02-2023
Gerald Mcdaniel,"37-39, Mahatma Gandhi Rd, Yellappa Garden, Yellappa Chetty Layout, Sivanchetti Gardens, Bengaluru, Karnataka 560001",12626058017,SKU_47,11-02-2023
Richard Woods,"Building No, 1314, Paramahansa Yogananda Rd, Indira Nagar II Stage, Eshwara Layout, Indiranagar, Bengaluru, Karnataka 560038",32597766719,SKU_15,13-02-2023
Adrian Brower,"Level 5, Mall, 1, Mahatma Gandhi Rd, Halasuru, Someshwarpura, Bengaluru, Karnataka 560001",86110945269,SKU_105,11-02-2023
Luis Marshal,"311, 1st Floor, 100 Feet Rd, Indira Nagar 1st Stage, Stage 1, Indiranagar, Bengaluru, Karnataka 560038",55663362620,SKU_130,13-02-2023
Andria Hembree,"XJ94+8GG, Castle St, Ashok Nagar, Bengaluru, Karnataka 560025",41180726272,SKU_57,11-02-2023
Antonetta Lucas,"322, Chinmaya Mission Hospital Rd, Binnamangala, Stage 1, Indiranagar, Bengaluru, Karnataka 560038",79190296641,SKU_80,11-02-2023
Janelle Donovan,"24, Church St, Shanthala Nagar, Ashok Nagar, Bengaluru, Karnataka 560001",24675148312,SKU_92,11-02-2023
Jane Hong,"6, 2nd Main Rd, First Stage, Defence Colony, Indiranagar, Bengaluru, Karnataka 560038",22445584311,SKU_25,11-02-2023
Marsha Rozzi,"XJGW+3RH, 80 Feet Rd, HAL 3rd Stage, Indiranagar, Bengaluru, Karnataka 560075",22248774308,SKU_89,13-02-2023
Steven Hall,"#294, 6th Main, HAL 2nd Stage, Near Ezone, Indiranagar, Bengaluru, Karnataka 560008",58511322198,SKU_1,11-02-2023
Leonard Corrigan,"No.9/7 ground floor, new ring road, 2nd Main Rd, Domlur, Bengaluru, Karnataka 560071",77355269627,SKU_59,11-02-2023
Steven Garrison,"1MG, 2nd Floor, Lido Mall Trinity Circle, Mahatma Gandhi Rd, opposite Taj Vivanta, Bengaluru, Karnataka 560008",11998904441,SKU_21,11-02-2023
